<?xml version="1.0" encoding="UTF-8"?>
<project>
  

  <pomVersion>3</pomVersion>
  <name>jaxen</name>
  <id>jaxen</id>
  <currentVersion>1.1-beta-2</currentVersion>

  <organization>
    <name>Codehaus</name>
    <url>http://www.codehaus.org</url>
    <logo>http://images.werken.com/codehaus-plain.gif</logo>
  </organization>
  <inceptionYear>2001</inceptionYear>
  <package>org.jaxen</package>

  <shortDescription>Universal Java XPath Engine</shortDescription>

  <description>
  Jaxen is a universal Java XPath engine.
  </description>
  <logo>http://images.werken.com/jaxen.gif</logo>

  <url>http://jaxen.org/</url>

  <issueTrackingUrl>http://jira.codehaus.org/BrowseProject.jspa?id=10022</issueTrackingUrl>
  <siteAddress>jaxen.org</siteAddress>
  <siteDirectory>/www/jaxen.org/</siteDirectory>
  <distributionDirectory></distributionDirectory>
  
  <repository>
    <connection>scm:cvs::pserver:anonymous@cvs.codehaus.org:/cvsroot/jaxen:jaxen</connection>
    <url>http://cvs.codehaus.org/viewcvs.cgi/jaxen/?cvsroot=jaxen</url>
  </repository>

  <versions/>
  <branches/>

  <mailingLists>

    <mailingList>
      <name>jaxen-interest</name>
      <archive>http://lists.codehaus.org/pipermail/jaxen-interest/</archive>
      <subscribe>http://lists.codehaus.org/mailman/listinfo/jaxen-interest</subscribe>
      <unsubscribe>http://lists.codehaus.org/mailman/listinfo/jaxen-interest</unsubscribe>
    </mailingList>

    <mailingList>
      <name>jaxen-cvs</name>
      <subscribe>http://lists.codehaus.org/mailman/listinfo/jaxen-cvs</subscribe>
      <unsubscribe>http://lists.codehaus.org/mailman/listinfo/jaxen-cvs</unsubscribe>
    </mailingList>
  </mailingLists>

  <developers>

    <developer>
      <name>Bob McWhirter</name>
      <id>bob</id>
      <email>bob@eng.werken.com</email>
      <organization>The Werken Company</organization>
    </developer>

    <developer>
      <name>James Strachan</name>
      <id>jstrachan</id>
      <email>james_strachan@yahoo.co.uk</email>
      <organization>Spiritsoft</organization>
    </developer>

    <developer>
      <name>David Megginson</name>
      <id>dmegginson</id>
      <email>dmegginson@users.sourceforge.net</email>
      <organization>Megginson Technologies</organization>
    </developer>

    <developer>
      <name>Erwin Bolwidt</name> 
      <id>eboldwidt</id>
      <email>eboldwidt@users.sourceforge.net</email>
    </developer>

    <developer>
      <name>Mark A. Belonga</name>
      <id>mbelonga</id>
      <email>mbelonga@users.sourceforge.net</email>
    </developer>

    <developer>
      <name>Christian Nentwich</name>
      <id>xcut</id>
      <email>xcut@users.sourceforge.net</email>
    </developer>

    <developer>
      <name>Alexander Day Chaffee</name>
      <id>purpletech</id>
      <email>purpletech@users.sourceforge.net</email>
      <organization>Purple Technologies</organization>
    </developer>

    <developer>
      <name>Jan Dvorak</name>
      <id>jdvorak</id>
      <email>jdvorak@users.sourceforge.net</email>
    </developer>

    <developer>
      <name>Attila Szegedi</name>
      <id>szegedia</id>
      <email>szegedia@users.sourceforge.net</email>
    </developer>

    <developer>
      <name>Peter Royal</name>
      <id>proyal</id>
      <email>proyal@pace2020.com</email>
    </developer>

    <developer>
      <name>Scott Sanders</name>
      <id>ssanders</id>
      <email>scott@dotnot.org</email>
      <organization>dotnot</organization>
      <url>http://dotnot.org/blog</url>
    </developer>

  </developers>

  <contributors>
    <contributor>
      <name>David Peterson</name> 
    </contributor>

    <contributor>
      <name>Mark Wilson</name> 
    </contributor>

    <contributor>
      <name>David Peterson</name> 
    </contributor>

    <contributor>
      <name>Jacob Kjome</name> 
    </contributor>

    <contributor>
      <name>Michael Brennan</name>
    </contributor>

  </contributors>

  <!-- Need to mark these as compile-time/run-time -->

  <dependencies>

    <dependency>
      <id>dom4j+core</id>
      <version>1.4-dev-8</version>
    </dependency>

    <dependency>
      <id>jdom</id>
      <version>1.0b8</version>
    </dependency>

    <dependency>
      <id>xml-apis</id>
      <version>1.0.b2</version>
    </dependency>

    <dependency>
      <id>xerces</id>
      <version>2.0.2</version>
    </dependency>

    <dependency>
      <id>junit</id>
      <version>3.8.1</version>
    </dependency>
    
  </dependencies>

  <build>

    <nagEmailAddress>jaxen-interest@lists.codehaus.org</nagEmailAddress>

    <sourceDirectory>src/java/main</sourceDirectory>

    <unitTestSourceDirectory>src/java/test</unitTestSourceDirectory>

    <integrationUnitTestSourceDirectory/>

    <aspectSourceDirectory></aspectSourceDirectory>

    <!-- Unit test classes -->

    <unitTest>
      <resources>
        <resource>
          <directory>src/java/test</directory>
          <includes>
            <include>**/*.werk</include>
            <include>**/*.xml</include>
            <include>**/*.properties</include>
          </includes>
        </resource>
      </resources>

      <includes>
        <include>**/*Test.java</include>
      </includes>
      <excludes>
        <exclude>org/jaxen/jdom/*</exclude>
      </excludes>
    </unitTest>


    <!-- Integration unit test classes -->

    <integrationUnitTestPatterns>
    </integrationUnitTestPatterns>

    <!-- J A R  R E S O U R C E S -->
    <!-- Resources that are packaged up inside the JAR file -->

    <jarResources>
    </jarResources>

    <jars>
    </jars>

  </build>

</project>

